<?xml version="1.0" encoding="UTF-8"?><?xml-stylesheet type='text/xsl' href='_UpgradeReport_Files/UpgradeReport.xslt'?><UpgradeLog>
<Properties><Property Name="Solution" Value="Fdm.BankTeller">
</Property><Property Name="Solution File" Value="\\fdm-mail02\home\jason.carvalho\Documents\C-Sharp stuff\trunk (BankTeller - Phase 1)\trunk\Fdm.BankTeller.sln">
</Property><Property Name="User Options File" Value="\\fdm-mail02\home\jason.carvalho\Documents\C-Sharp stuff\trunk (BankTeller - Phase 1)\trunk\Fdm.BankTeller.suo">
</Property><Property Name="Date" Value="13 September 2011">
</Property><Property Name="Time" Value="15:47">
</Property></Properties><Event ErrorLevel="0" Project="" Source="Fdm.BankTeller.sln" Description="File successfully backed up as \\fdm-mail02\home\jason.carvalho\Documents\C-Sharp stuff\trunk (BankTeller - Phase 1)\trunk\Backup\Fdm.BankTeller.sln">
</Event><Event ErrorLevel="0" Project="" Source="Fdm.BankTeller.suo" Description="File successfully backed up as \\fdm-mail02\home\jason.carvalho\Documents\C-Sharp stuff\trunk (BankTeller - Phase 1)\trunk\Backup\Fdm.BankTeller.suo">
</Event><Event ErrorLevel="0" Project="Fdm.BankTeller.Main" Source="Fdm.BankTeller.Main\Fdm.BankTeller.Main.csproj" Description="Project file successfully backed up as \\fdm-mail02\home\jason.carvalho\Documents\C-Sharp stuff\trunk (BankTeller - Phase 1)\trunk\Backup\Fdm.BankTeller.Main\Fdm.BankTeller.Main.csproj">
</Event><Event ErrorLevel="0" Project="Fdm.BankTeller.Main" Source="Fdm.BankTeller.Main\AccountOutput.cs" Description="File successfully backed up as \\fdm-mail02\home\jason.carvalho\Documents\C-Sharp stuff\trunk (BankTeller - Phase 1)\trunk\Backup\Fdm.BankTeller.Main\AccountOutput.cs">
</Event><Event ErrorLevel="0" Project="Fdm.BankTeller.Main" Source="Fdm.BankTeller.Main\IBankController.cs" Description="File successfully backed up as \\fdm-mail02\home\jason.carvalho\Documents\C-Sharp stuff\trunk (BankTeller - Phase 1)\trunk\Backup\Fdm.BankTeller.Main\IBankController.cs">
</Event><Event ErrorLevel="0" Project="Fdm.BankTeller.Main" Source="Fdm.BankTeller.Main\Properties\AssemblyInfo.cs" Description="File successfully backed up as \\fdm-mail02\home\jason.carvalho\Documents\C-Sharp stuff\trunk (BankTeller - Phase 1)\trunk\Backup\Fdm.BankTeller.Main\Properties\AssemblyInfo.cs">
</Event><Event ErrorLevel="0" Project="Fdm.BankTeller.Main" Source="Fdm.BankTeller.Main\TransactionRequest.cs" Description="File successfully backed up as \\fdm-mail02\home\jason.carvalho\Documents\C-Sharp stuff\trunk (BankTeller - Phase 1)\trunk\Backup\Fdm.BankTeller.Main\TransactionRequest.cs">
</Event><Event ErrorLevel="0" Project="Fdm.BankTeller.Main" Source="Fdm.BankTeller.Main\Fdm.BankTeller.Main.csproj" Description="Project converted successfully">
</Event><Event ErrorLevel="3" Project="Fdm.BankTeller.Main" Source="Fdm.BankTeller.Main\Fdm.BankTeller.Main.csproj" Description="Converted">
</Event><Event ErrorLevel="0" Project="Fdm.BankTeller.Tests" Source="Fdm.BankTeller.Tests\Fdm.BankTeller.Tests.csproj" Description="Project file successfully backed up as \\fdm-mail02\home\jason.carvalho\Documents\C-Sharp stuff\trunk (BankTeller - Phase 1)\trunk\Backup\Fdm.BankTeller.Tests\Fdm.BankTeller.Tests.csproj">
</Event><Event ErrorLevel="0" Project="Fdm.BankTeller.Tests" Source="Fdm.BankTeller.Tests\Fdm.BankTeller.Tests.csproj.user" Description="Project user file successfully backed up as \\fdm-mail02\home\jason.carvalho\Documents\C-Sharp stuff\trunk (BankTeller - Phase 1)\trunk\Backup\Fdm.BankTeller.Tests\Fdm.BankTeller.Tests.csproj.user">
</Event><Event ErrorLevel="0" Project="Fdm.BankTeller.Tests" Source="Fdm.BankTeller.Tests\BankControllerTests.cs" Description="File successfully backed up as \\fdm-mail02\home\jason.carvalho\Documents\C-Sharp stuff\trunk (BankTeller - Phase 1)\trunk\Backup\Fdm.BankTeller.Tests\BankControllerTests.cs">
</Event><Event ErrorLevel="0" Project="Fdm.BankTeller.Tests" Source="Fdm.BankTeller.Tests\Properties\AssemblyInfo.cs" Description="File successfully backed up as \\fdm-mail02\home\jason.carvalho\Documents\C-Sharp stuff\trunk (BankTeller - Phase 1)\trunk\Backup\Fdm.BankTeller.Tests\Properties\AssemblyInfo.cs">
</Event><Event ErrorLevel="0" Project="Fdm.BankTeller.Tests" Source="Fdm.BankTeller.Tests\Fdm.BankTeller.Tests.csproj" Description="Project converted successfully">
</Event><Event ErrorLevel="3" Project="Fdm.BankTeller.Tests" Source="Fdm.BankTeller.Tests\Fdm.BankTeller.Tests.csproj" Description="Converted">
</Event><Event ErrorLevel="0" Project="" Source="Fdm.BankTeller.sln" Description="Solution converted successfully">
</Event><Event ErrorLevel="3" Project="" Source="Fdm.BankTeller.sln" Description="Converted">
</Event><Event ErrorLevel="0" Project="Fdm.BankTeller.Main" Source="Fdm.BankTeller.Main\Fdm.BankTeller.Main.csproj" Description="Scan complete: Upgrade not required for project files.">
</Event><Event ErrorLevel="0" Project="Fdm.BankTeller.Tests" Source="Fdm.BankTeller.Tests\Fdm.BankTeller.Tests.csproj" Description="Scan complete: Upgrade not required for project files.">
</Event></UpgradeLog>